<?xml version="1.0" encoding="utf-8"?>
<selector xmlns:android="http://schemas.android.com/apk/res/android">
    <item android:state_checked="true">
        <layer-list>
            <item>
                <shape android:shape="oval">
                    <stroke android:width="2dp" android:color="@color/blue_500"/>
                    <size android:width="24dp" android:height="24dp"/>
                </shape>
            </item>
            <item android:left="4dp" android:top="4dp" android:right="4dp" android:bottom="4dp">
                <shape android:shape="oval">
                    <solid android:color="@color/blue_500"/>
                </shape>
            </item>
        </layer-list>
    </item>
    <item>
        <shape android:shape="oval">
            <stroke android:width="2dp" android:color="@color/gray_400"/>
            <size android:width="24dp" android:height="24dp"/>
        </shape>
    </item>

</selector>